verdict,politician_name,statement,statement_date,statement_source,factcheck_analysis_link
half-true,Adam Hasner,"While she was mayor, Lois Frankel took a ""police helicopter ride to go to a dinner party.""",10/18/2012,advertisement,https://www.politifact.com/factchecks/2012/oct/25/adam-hasner/adam-hasner-says-lois-frankel-used-police-chopper-/
half-true,Alan Grayson,"Says Gov. Jeb Bush vetoed the ""Quiones Plan"" because it was ""taxation without representation on a large scale.""",8/6/2012,campaign,https://www.politifact.com/factchecks/2012/aug/06/alan-grayson/grayson-says-jeb-bush-vetoed-quinones-plan/
mostly-false,Allen West,"""U.S. troops are getting only 4 hours of Ebola training before deployment to Liberia.""",10/20/2014,social_media,https://www.politifact.com/factchecks/2014/oct/23/allen-west/do-us-troops-get-just-4-hours-ebola-training/
mostly-true,Amy Klobuchar,"""After a decade of progress, the rate of uninsured children is now rising.""",12/3/2018,social_media,https://www.politifact.com/factchecks/2018/dec/05/amy-klobuchar/amy-klobuchar-number-rate-children-without-insuran/
true,Ann Coulter,"Rhode Islands voter identification law was pushed by ""a black Democrat in the House, a black Democrat in the Senate. That's a fact.""",9/27/2012,television,https://www.politifact.com/factchecks/2012/oct/03/ann-coulter/ann-coulter-says-rhode-islands-voter-identificatio/
mostly-true,Barack Obama,"Barack Obama is ""the only candidate who doesn't take a dime from oil company PACs or lobbyists.""",4/16/2008,advertisement,https://www.politifact.com/factchecks/2008/apr/17/barack-obama/obama-rejects-lobbyist-money/
false,Barack Obama,"Under the White Houses budget proposal, ""we will not be adding more to the national debt"" by the middle of the decade.",2/15/2011,news,https://www.politifact.com/factchecks/2011/feb/15/barack-obama/barack-obama-says-white-house-budget-would-not-add/
half-true,Barack Obama,"Pay-as-you-go ""is the principle that helped transform large deficits into surpluses in the 1990s.""",5/7/2009,speech,https://www.politifact.com/factchecks/2009/may/07/barack-obama/obama-exaggerates-role-pay-you-go-balancing-federa/
mostly-false,Barack Obama,"Says economists Harvey Rosen and Martin Feldstein have said that ""paying for (Mitt) Romneys tax cuts would require large tax increases on families making between $100,000 and $200,000.""",10/7/2012,email,https://www.politifact.com/factchecks/2012/oct/15/barack-obama/barack-obama-says-princeton-economists-analysis-do/
half-true,Barack Obama,"""Because of the steps we took, there are about 2 million Americans working right now who would otherwise be unemployed.""",1/27/2010,speech,https://www.politifact.com/factchecks/2010/jan/28/barack-obama/obama-claims-two-million-more-americans-would-be-u/
mostly-true,Barack Obama,"""For the first time in history, my administration posts our White House visitors online.""",1/27/2010,speech,https://www.politifact.com/factchecks/2010/jan/28/barack-obama/white-house-visitor-logs-voluntarily-released-pote/
true,Barack Obama,"""Mitt Romney says class sizes dont matter.""",8/22/2012,campaign,https://www.politifact.com/factchecks/2012/aug/23/barack-obama/obama-ad-says-class-sizes-dont-matter-romney/
mostly-false,Barack Obama,"Keystone XL allows ""Canada to pump their oil, send it through our land, down to the Gulf, where it will be sold everywhere else.""",11/14/2014,news,https://www.politifact.com/factchecks/2014/nov/20/barack-obama/obama-says-keystone-xl-exporting-oil-experts-disag/
half-true,Barack Obama,"""Our economy could fall $1 trillion short of its full capacity, which translates into more than $12,000 in lost income for a family of four.""",1/24/2009,radio,https://www.politifact.com/factchecks/2009/jan/26/barack-obama/obama-numbers-income-explanation/
true,Barack Obama,"Says ""our deficits are falling at the fastest rate in 60 years.""",7/24/2013,speech,https://www.politifact.com/factchecks/2013/jul/25/barack-obama/obama-says-deficit-falling-fastest-rate-60-years/
false,Barack Obama,"""Thirty million Americans, including a lot of people in Florida, are going to be able to get healthcare next year because of that law.""",11/1/2011,news,https://www.politifact.com/factchecks/2011/nov/03/barack-obama/obama-says-health-law-will-kick-millions-next-year/
half-true,Barack Obama,"Obama says his bill ""reduced welfare rolls nearly 80 percent.""",6/30/2008,advertisement,https://www.politifact.com/factchecks/2008/jun/30/barack-obama/welfare-rolls-dropped-but-not-just-because-of-law/
false,Barack Obama,"""We import more oil today than ever before.""",7/6/2009,news,https://www.politifact.com/factchecks/2009/jul/08/barack-obama/obamas-wrong-oil-imports/
true,Barack Obama,"""The NRA used to support expanded background checks.""",4/17/2013,speech,https://www.politifact.com/factchecks/2013/apr/18/barack-obama/barack-obama-says-nra-used-support-expanded-backgr/
false,Barack Obama,"""I made a bunch of these promises during the campaign. ... We've got about 60 percent done in three years.""",10/25/2011,speech,https://www.politifact.com/factchecks/2011/nov/01/barack-obama/barack-obama-says-60-percent-his-promises-are-done/
true,Barack Obama,Says Romney wants to add $2 trillion to the defense budget that the military hasnt asked for.,10/3/2012,speech,https://www.politifact.com/factchecks/2012/oct/05/barack-obama/obama-says-romney-would-spend-2-trilllion-military/
mostly-true,Barack Obama,"""I've cut taxes for ... middle-class families, small businesses.""",9/6/2012,speech,https://www.politifact.com/factchecks/2012/sep/07/barack-obama/barack-obama-said-hes-cut-taxes-middle-class-famil/
true,Barack Obama,Says Mitt Romney opposes requiring employers to cover contraception and would eliminate funding for Planned Parenthood.,8/4/2012,campaign,https://www.politifact.com/factchecks/2012/aug/08/barack-obama/obama-slams-romney-on-contraception-and-planned-pa/
false,Barack Obama,"""The only time government employment has gone down during a recession has been under me.""",5/8/2012,speech,https://www.politifact.com/factchecks/2012/may/10/barack-obama/barack-obama-says-government-job-losses-his-watch-/
mostly-true,Barack Obama,"Romney ""would turn Medicare into a voucher program.""",10/3/2012,speech,https://www.politifact.com/factchecks/2012/oct/04/barack-obama/obama-says-romney-wants-turn-medicare-voucher-prog/
mostly-true,Barack Obama,"""Californians consume 40 percent less energy per person than the national average""",6/29/2009,speech,https://www.politifact.com/factchecks/2009/jul/07/barack-obama/obama-says-californians-use-40-percent-less-energy/
half-true,Barack Obama,The accuracy of the Obama tax calculator,10/14/2008,campaign,https://www.politifact.com/factchecks/2008/dec/03/barack-obama/accurate-for-some-not-so-much-for-others/
true,Barack Obama,"""Right now, here in Texas, wind power is already cheaper than dirty fossil fuels.""",3/12/2016,speech,https://www.politifact.com/factchecks/2016/apr/12/barack-obama/barack-obama-says-wind-power-cheaper-texas-power-d/
mostly-true,Barack Obama,"""More people without health care since George Bush took office; more children in poverty since George Bush took office.""",4/18/2008,campaign,https://www.politifact.com/factchecks/2008/may/08/barack-obama/more-uninsured-but-blame-skewed/
half-true,Barack Obama,"""Already, the Affordable Care Act is helping to slow the growth of (Medicares) health care costs.""",2/12/2013,speech,https://www.politifact.com/factchecks/2013/feb/14/barack-obama/obama-says-health-care-law-already-slowing-down-me/
mostly-false,Barbara Buono,"Says in March New Jersey was ""one of only eight states in the nation to lose jobs"" and ""the state with the highest loss of jobs in the nation.""",5/7/2012,news,https://www.politifact.com/factchecks/2012/may/13/barbara-buono/barbara-buono-blasts-chris-christies-new-jersey-co/
false,Ben Carson,"""Ukraine was a nuclear-armed state. They gave away their nuclear arms with the understanding that we would protect them.""",8/6/2015,speech,https://www.politifact.com/factchecks/2015/aug/07/ben-carson/carson-says-usprotection-promises-led-ukraine-give/
mostly-true,Bernie Sanders,"""In 1990, the U.S. led the world in the percentage of 25-34 year olds with college degrees. Today we are in 12th place.""",12/5/2014,social_media,https://www.politifact.com/factchecks/2014/dec/05/bernie-sanders/bernie-sanders-says-us-was-1st-college-degrees-199/
true,Bernie Sanders,"In 2007, ""the top 1 percent of all income earners in the United States made 23.5 percent of all income,"" which is ""more than the entire bottom 50 percent.""",11/30/2010,speech,https://www.politifact.com/factchecks/2010/dec/10/bernie-sanders/bernie-sanders-viral-speech-says-top-1-percent-ear/
mostly-true,Bernie Sanders,"Winning enough pledged delegates is ""not impossible.""",5/1/2016,news,https://www.politifact.com/factchecks/2016/may/02/bernie-sanders/sanders-its-not-impossible-get-enough-delegates-wi/
mostly-true,Bernie Sanders,"""When this campaign began, I said that weve got to end the starvation minimum wage of $7.25, raise it to $15. Secretary Clinton said let's raise it to $12.""",4/15/2016,speech,https://www.politifact.com/factchecks/2016/apr/15/bernie-sanders/does-hillary-clinton-want-15-or-12-minimum-wage/
false,Bernie Sanders,"""(Texas Republicans) believe in abolishing Social Security, abolishing V.A. health care.""",9/25/2013,news,https://www.politifact.com/factchecks/2013/oct/02/bernie-sanders/sen-bernie-sanders-says-texas-republicans-want-abo/
mostly-false,Bernie Sanders,"""Very little of (the defense) budget  less than 10 percent  actually goes into fighting ISIS and international terrorism.""",1/17/2016,speech,https://www.politifact.com/factchecks/2016/jan/18/bernie-sanders/less-10-percent-defense-budget-fighting-terrorism-/
mostly-false,Bernie Sanders,"Out of the total U.S. military budget, ""significantly less than 10 percent of that money is used to fight international terrorism.""",11/14/2015,speech,https://www.politifact.com/factchecks/2015/nov/15/bernie-sanders/sanders-significantly-less-10-defense-dollars-go-f/
mostly-true,Bernie Sanders,"""The top one-tenth of 1 percent now owns almost as much wealth as the bottom 90 percent.""",7/25/2016,speech,https://www.politifact.com/factchecks/2016/jul/26/bernie-sanders/dnc-bernie-sanders-repeats-claim-top-one-tenth-1-o/
mostly-true,Beto O'Rourke,"Texas is ""50th in the nation in mental health care access.""",5/25/2022,speech,https://www.politifact.com/factchecks/2022/may/25/beto-orourke/recent-report-put-texas-last-among-states-and-dc-m/
pants-fire,Bill O'Reilly,"""We researched to find out if anybody on Fox News had ever said you're going to jail if you don't buy health insurance. Nobody's ever said it.""",4/13/2010,news,https://www.politifact.com/factchecks/2010/apr/27/bill-oreilly/oreilly-says-no-one-fox-raised-issue-jail-time-not/
mostly-true,Bill Richardson,"Among Hispanics, support for immigration reform is close to universal.",5/5/2013,news,https://www.politifact.com/factchecks/2013/may/09/bill-richardson/bill-richardson-says-hispanic-support-immigration-/
true,Bill White,Says most of Perry's chiefs of staff have been lobbyists.,8/14/2010,speech,https://www.politifact.com/factchecks/2010/aug/30/bill-white/bill-white-says-most-gov-rick-perrys-chiefs-staff-/
mostly-true,Bruce Rauner,"""Our families have the highest property taxes in the country. We must change this.""",3/15/2017,social_media,https://www.politifact.com/factchecks/2017/apr/20/bruce-rauner/how-true-gov-rauners-property-tax-claim/
mostly-true,Carly Fiorina,"""We doubled the size of the company (Hewlett-Packard).""",5/10/2015,news,https://www.politifact.com/factchecks/2015/may/10/carly-fiorina/carly-fiorina-fights-back-against-hp-layoff-claims/
mostly-false,Charles Schumer,"""The State Department asked all secretaries of state to send their emails over."" Hillary Clinton's""the only one whos done it.""",3/8/2015,television,https://www.politifact.com/factchecks/2015/mar/08/charles-schumer/fact-checking-chuck-schumers-defense-hillary-clint/
true,Charlie Crist,Says Jeb Bush -- not Charlie Crist -- signed legislation that let Duke Energy collect money for nuclear projects.,10/15/2014,speech,https://www.politifact.com/factchecks/2014/oct/16/charlie-crist/crist-says-jeb-bush-signed-law-letting-duke-energy/
true,Charlie Crist,"""In the mid 1990s, in our state, (Florida was) No. 1 in violent crime in America. ... The only concern I had was for the citizens of Florida, who were subjected to a violent crime every three minutes and 45 seconds.""",9/19/2016,speech,https://www.politifact.com/factchecks/2016/sep/20/charlie-crist/charlie-crist-says-florida-was-no-1-violent-crime/
mostly-true,Charlie Crist,"""Our graduation rate is the highest it's ever been.""",3/2/2010,speech,https://www.politifact.com/factchecks/2010/mar/03/charlie-crist/crist-claims-highest-graduation-rate-ever/
half-true,Charlie Crist,"Says Rick Scotts record on jobs includes Florida ""ranked 2nd in the nation in long-term unemployment.""",4/25/2014,campaign,https://www.politifact.com/factchecks/2014/may/06/charlie-crist/charlie-crist-says-florida-no-2-long-term-unemploy/
false,Chris Christie,"""For a young man or woman who is entering the ninth grade in Newark this year, they have a 29 percent graduation rate.""",4/29/2011,speech,https://www.politifact.com/factchecks/2011/jun/15/chris-christie/gov-chris-christie-says-graduation-rate-29-percent/
mostly-true,Chris Christie,"Says state Sen. Paul Sarlo ""said in February on NJTV, there will be no tax increases in this budget"" and ""voted the other night in the Senate Budget Committee to raise income taxes $800 million.""",6/26/2012,social_media,https://www.politifact.com/factchecks/2012/jul/08/chris-christie/chris-christie-claims-state-senator-promised-no-ta/
half-true,Chris Christie,"Says private-sector job growth in 2011 ""places New Jersey in the top third among all of the states.""",2/21/2012,speech,https://www.politifact.com/factchecks/2012/feb/27/chris-christie/chris-christie-claims-private-sector-job-growth-20/
true,Chris Christie,"Says the New York Giants ""train in New Jersey, they play in New Jersey and most of their players live in New Jersey.""",1/22/2012,news,https://www.politifact.com/factchecks/2012/jan/29/chris-christie/chris-christie-says-new-york-giants-are-new-jersey/
mostly-false,Chris Larson,"The Republican-controlled Wisconsin Senate approved a bill ""denying veterans the right to recover their medical costs for cancers they developed while serving their country.""",3/12/2014,email,https://www.politifact.com/factchecks/2014/mar/20/chris-larson/wisconsin-democratic-leader-chris-larson-says-gop-/
false,Claire McCaskill,"""Nobody applies to the United States for refugee status. They apply to the United Nations.""",1/31/2017,testimony,https://www.politifact.com/factchecks/2017/apr/24/claire-mccaskill/mccaskill-doesnt-account-all-refugee-cases/
half-true,Connie Mack,"The Mack Penny Plan for the federal budget ""would balance our budget by 2019"" and ""continues to gain support.""",5/9/2012,campaign,https://www.politifact.com/factchecks/2012/jul/05/connie-mack/connie-mack-says-cutting-one-penny-out-every-/
false,Cory Booker,"""Farmer suicide rates are as high as they have been since the Great Depression.""",3/18/2019,news,https://www.politifact.com/factchecks/2019/mar/21/cory-booker/farmer-suicides-high-great-depression-no-data-says/
false,Crossroads GPS,"""Millions could lose their health care coverage and be forced into a government pool"" under the new health care law.",5/16/2012,advertisement,https://www.politifact.com/factchecks/2012/may/21/crossroads-gps/crossroads-says-obama-broke-his-promise-health-car/
mostly-false,Dan Patrick,"Leticia Van de Putte ""voted to stop schools from removing teachers convicted of a felony.""",10/22/2014,advertisement,https://www.politifact.com/factchecks/2014/oct/29/dan-patrick/dan-patrick-says-leticia-van-de-putte-voted-stop-s/
pants-fire,Dan Patrick,"""As chair of the Senate Education Committee, I led the charge to restore most of the education cuts from last session.""",8/28/2014,news,https://www.politifact.com/factchecks/2014/sep/15/dan-patrick/dan-patrick-voted-against-final-version-state-budg/
half-true,David Axelrod,"When Mitt Romney was governor, Massachusetts ranked 47th out of 50 states in job creation.",6/19/2011,news,https://www.politifact.com/factchecks/2011/jun/22/david-axelrod/dems-say-when-mitt-romney-was-governor-massachuset/
half-true,David Dewhurst,"""Youve got almost twice as many cops in New York City as you do on our entire border. Thats nuts.""",5/12/2010,news,https://www.politifact.com/factchecks/2010/may/21/david-dewhurst/dewhurst-says-nypd-force-almost-twice-size-border-/
mostly-true,David Dewhurst,"Says Dan Patrick ""supported giving a $5,000 taxpayer-funded voucher to every family to buy a car.""",3/2/2014,advertisement,https://www.politifact.com/factchecks/2014/mar/14/david-dewhurst/dan-patrick-suggested-every-family-get-5000-vouche/
half-true,David Perdue,"U.S. Senate candidate Jack Kingston voted for the ""Cash for Clunkers"" program.",5/17/2014,advertisement,https://www.politifact.com/factchecks/2014/jul/14/david-perdue/perdue-omits-detail-cash-clunkers-claim/
half-true,Donald Trump,"""Our companies are moving into Mexico more than almost any other place right now.""",8/19/2015,news,https://www.politifact.com/factchecks/2015/aug/27/donald-trump/trump-says-us-companies-moving-mexico-more-almost-/
false,Donald Trump,"Says the Steele dossier ""was responsible for starting"" Special Counsel Robert Muellers investigation into links between the Trump campaign and Russia.",7/23/2018,social_media,https://www.politifact.com/factchecks/2018/jul/23/donald-trump/donald-trump-falsely-says-new-carter-page-document/
mostly-true,Donald Trump,"Says Hillary Clinton ""promised, running for the Senate years ago, 200,000 jobs for upstate New York. ... Not only didn't they come, but they lost so many jobs.""",9/27/2016,campaign,https://www.politifact.com/factchecks/2016/oct/07/donald-trump/trump-clinton-promised-add-200k-jobs-upstate-new-y/
true,Donald Trump,"""Household income among Hispanic Americans has just set a new record high.""",9/29/2018,speech,https://www.politifact.com/factchecks/2018/nov/01/donald-trump/hispanic-household-income-record-high-donald-trump/
pants-fire,Donald Trump,"""The first so-called second hand information Whistleblower got my phone conversation almost completely wrong.""",10/5/2019,social_media,https://www.politifact.com/factchecks/2019/oct/09/donald-trump/donald-trump-whistleblower-got-phone-call-almost-c/
half-true,Donald Trump,"""Long gas lines forming in North Korea.""",9/17/2017,social_media,https://www.politifact.com/factchecks/2017/sep/19/donald-trump/are-gas-lines-forming-north-korea/
half-true,Donald Trump,"""One in three women is sexually assaulted on the dangerous journey north.""",1/19/2019,speech,https://www.politifact.com/factchecks/2019/jan/25/donald-trump/trump-said-1-3-migrant-women-sexually-assaulted-jo/
half-true,Donald Trump,"The Secure Communities Program and 287(g) immigration programs ""were programs that worked"" but were ""recklessly gutted"" by the Obama administration.",8/31/2016,speech,https://www.politifact.com/factchecks/2016/sep/06/donald-trump/trump-says-secure-communities-287g-immigration-pro/
pants-fire,Donald Trump,"""In New York state, if youre white, you have to go to the back of the line to get medical help.""",1/15/2022,speech,https://www.politifact.com/factchecks/2022/jan/27/donald-trump/no-new-york-has-not-delayed-covid-19-treatment-whi/
mostly-false,Donald Trump,"The Obama administration gave Iran ""$400 million in ransom payment cash.""",8/21/2016,speech,https://www.politifact.com/factchecks/2016/aug/24/donald-trump/donald-trump-calls-400-million-payment-iran-ransom/
false,Donald Trump,"Says ""Bob Casey voted in favor of deadly sanctuary cities that released thousands upon thousands of illegal alien criminals and vicious gang members to prey on Pennsylvaniastreets, to prey all over this country.""",10/10/2018,speech,https://www.politifact.com/factchecks/2018/oct/31/donald-trump/donald-trumps-wild-number-sanctuary-city-criminal-/
false,Donald Trump,"The stories from women saying he groped or forced himself on them ""largely have been debunked.""",10/19/2016,speech,https://www.politifact.com/factchecks/2016/oct/20/donald-trump/donald-trump-says-reports-sexual-assault-him-have-/
false,Donald Trump,"""They never thought ... that I was going to release that call and I really had no choice because Adam Schiff made up a call.""",11/15/2019,news,https://www.politifact.com/factchecks/2019/nov/19/donald-trump/donald-trump-schiff-ukraine-timeline-phone-memo/
false,Donald Trump,"""If you're from Syria and you're a Christian, you cannot come into this country"" as a refugee.",7/11/2015,speech,https://www.politifact.com/factchecks/2015/jul/20/donald-trump/donald-trump-says-if-youre-syria-and-christianyou-/
false,Donald Trump,"Says Joe Biden ""is even talking about taking the wall down.""",8/27/2020,speech,https://www.politifact.com/factchecks/2020/aug/28/donald-trump/donald-trumps-false-rnc-claim-about-joe-biden-and-/
false,Donald Trump,"Says ""the New York Times wrote about"" Barack Obama wiretapping Donald Trump during the election.",3/15/2017,news,https://www.politifact.com/factchecks/2017/mar/16/donald-trump/donald-trump-says-he-learned-obama-tapped-his-phon/
pants-fire,Donald Trump,"Says as president he has ""total"" authority to re-open states amid the COVID-19 pandemic.",4/13/2020,other,https://www.politifact.com/factchecks/2020/apr/14/donald-trump/trumps-ridiculous-statement-about-total-authority-/
mostly-true,Donald Trump,"The Jerusalem Embassy Act ""passed Congress by an overwhelming bipartisan majority and was reaffirmed by a unanimous vote of the Senate only six months ago.""",12/6/2017,speech,https://www.politifact.com/factchecks/2017/dec/06/donald-trump/donald-trump-correct-about-history-jerusalem-embas/
false,Donald Trump,"""In seven years that (nuclear) deal will have expired, and Iran is free to go ahead and create nuclear weapons.""",4/30/2018,news,https://www.politifact.com/factchecks/2018/may/02/donald-trump/donald-trump-said-wrongly-iran-nuclear-deal-expire/
mostly-false,Donald Trump,"Says Georgias 5th congressional district, represented by John Lewis, is ""in horrible shape and falling apart (not to mention crime infested).""",1/14/2017,social_media,https://www.politifact.com/factchecks/2017/jan/15/donald-trump/trumps-john-lewis-crime-invested-atlanta/
false,Donald Trump,"""Wow, highest Poll Numbers in the history of the Republican Party. That includes Honest Abe Lincoln and Ronald Reagan.""",7/29/2018,social_media,https://www.politifact.com/factchecks/2018/jul/30/donald-trump/has-donald-trump-had-highest-poll-numbers-any-gop-/
false,Donald Trump,"""Our doctors get more money if somebody dies from COVID.  So what they do is they say, I'm sorry, but, you know, everybody dies of COVID.""",10/30/2020,campaign,https://www.politifact.com/factchecks/2020/nov/01/donald-trump/donald-trumps-false-claim-doctors-inflate-covid-19/
mostly-false,Donald Trump,"""Theres a tremendous tax that we pay when we (American businesses) go into China, whereas when China sells to us theres no tax.""",3/26/2016,news,https://www.politifact.com/factchecks/2016/mar/30/donald-trump/trump-miscasts-impact-trade-chinese-taxes/
half-true,Donald Trump,"""Chrysler is leaving Mexico and moving back to Michigan.""",1/16/2018,speech,https://www.politifact.com/factchecks/2018/jan/18/donald-trump/trump-said-chrysler-leaving-mexico-it-isnt/
false,Donald Trump,"""When asked about court-packing, Biden's staff immediately escorts the camera out.""",10/26/2020,social_media,https://www.politifact.com/factchecks/2020/oct/29/donald-trump/trump-campaign-uses-cherry-picked-video-attack-bid/
half-true,Donald Trump,"Says Hillary Clinton once ""wanted a wall"" on the Mexican border.",8/5/2016,campaign,https://www.politifact.com/factchecks/2016/aug/15/donald-trump/donald-trump-right-hillary-clinton-once-wanted-wal/
pants-fire,Donald Trump,"""We already have won"" the election.",11/4/2020,speech,https://www.politifact.com/factchecks/2020/nov/04/donald-trump/trump-falsely-and-prematurely-claims-2020-presiden/
mostly-false,Donald Trump,"Goodyear Tires ""announced a BAN ON MAGA HATSThis is what the Radical Left Democrats do.""",8/19/2020,social_media,https://www.politifact.com/factchecks/2020/aug/19/donald-trump/calling-goodyear-dress-code-ban-maga-hats-mischara/
false,Donald Trump,"Says John Podesta ""refused to give the DNC server to the FBI and the CIA. Disgraceful!""",7/7/2017,social_media,https://www.politifact.com/factchecks/2017/jul/11/donald-trump/did-john-podesta-deny-cia-and-fbi-access-dnc-serve/
false,Donald Trump,"Says his job approval poll numbers are ""not bad"" relative to other presidents at this point in his presidency.",7/16/2017,social_media,https://www.politifact.com/factchecks/2017/jul/17/donald-trump/trumps-false-claim-his-presidential-approval-ratin/
pants-fire,Donald Trump,"""Our African-American communities are absolutely in the worst shape they've ever been in before. Ever. Ever. Ever.""",9/20/2016,speech,https://www.politifact.com/factchecks/2016/sep/22/donald-trump/trumps-pants-fire-claim-blacks-are-absolutely-wors/
pants-fire,Donald Trump,"""Hillary Clinton says she wants to, raise taxes on the middle class. """,8/4/2016,campaign,https://www.politifact.com/factchecks/2016/aug/05/donald-trump/donald-trump-wrongly-says-hillary-clinton-wants-ra/
false,Donald Trump,"""The murder rate in our country is the highest its been in 47 years.""",2/7/2017,meeting,https://www.politifact.com/factchecks/2017/feb/08/donald-trump/donald-trump-wrong-murder-rate-highest-47-years/
false,Donald Trump,"""There is no reason for these massive, deadly and costly forest fires in California except that forest management is so poor.""",11/10/2018,social_media,https://www.politifact.com/factchecks/2018/nov/12/donald-trump/trumps-overly-simplistic-and-false-claim-californi/
mostly-false,Donald Trump,"""The U.S. recorded its slowest economic growth in five years (2016). GDP up only 1.6%. Trade deficits hurt the economy very badly.""",4/26/2017,social_media,https://www.politifact.com/factchecks/2017/apr/27/donald-trump/did-trade-deficit-cause-slow-growth-2016-donald-tr/
half-true,Donald Trump,"Says President Dwight Eisenhower ""moved 1.5 million illegal immigrants out of this country.""",11/10/2015,speech,https://www.politifact.com/factchecks/2015/nov/11/donald-trump/trump-eisenhower-deported-15-million-immigrants/
false,Donald Trump,"Says Joe Biden ""said he never spoke to the Ukrainian company, and then the picture came out where he was playing golf with the company boss and Hunter"" Biden.",10/6/2019,social_media,https://www.politifact.com/factchecks/2019/oct/08/donald-trump/trump-claims-photo-shows-bidens-playing-golf-ukrai/
mostly-false,Donald Trump,"""122 vicious prisoners, released by the Obama Administration from Gitmo, have returned to the battlefield.""",3/7/2017,social_media,https://www.politifact.com/factchecks/2017/mar/07/donald-trump/donald-trump-wrongly-blames-barack-obama-former-gu/
true,Donald Trump,"""Senator Cryin Chuck Schumer fought hard against the Bad Iran Deal, even going at it with President Obama, & then Voted AGAINST it! Now he says I should not have terminated the deal""",5/10/2018,social_media,https://www.politifact.com/factchecks/2018/may/24/donald-trump/schumer-once-opposed-iran-nuclear-deal-he-now-supp/
half-true,Donald Trump,"Says Deborah Birx ""traveled a great distance to see her family for Thanksgiving, only to have them call the police and turn her in. She then ... resigned.""",3/29/2021,statement,https://www.politifact.com/factchecks/2021/mar/30/donald-trump/donald-trump-embellishes-details-dr-deborah-birxs-/
mostly-false,Donald Trump,"Says Hillary Clinton ""gave up 20 percent of America's uranium supply to Russia.""",9/28/2016,speech,https://www.politifact.com/factchecks/2016/sep/30/donald-trump/nuclear-claim-donald-trump-says-hillary-clinton-ga/
mostly-false,Donald Trump,"""We hadnt had a (car) plant built in years  in decades, actually. And now we have many plants being built all throughout the United States.""",6/30/2019,speech,https://www.politifact.com/factchecks/2019/jul/09/donald-trump/donald-trump-touts-new-car-plants-america-overlook/
mostly-false,Eric Cantor,"Because of the health care act, ""The people who have health care and like it in this county are not going to be able to keep what they have.""",6/28/2012,news,https://www.politifact.com/factchecks/2012/jul/16/eric-cantor/cantor-says-under-health-care-law-people-who-their/
true,George LeMieux,"In 2008, Charlie Crist ""applauded the pick of Sarah Palin and said she would do a great job.""",8/28/2012,news,https://www.politifact.com/factchecks/2012/sep/04/george-lemieux/george-lemieux-charlie-crist-sarah-palin-said-grea/
mostly-false,George Will,"""Social Security was advocated  in the 1930s as a way of getting people to quit working, because they thought we were confined to a permanent scarcity of jobs in this country.""",2/9/2014,news,https://www.politifact.com/factchecks/2014/feb/11/george-will/george-will-says-social-security-was-created-1930s/
false,Glenn Beck,"Forty-five percent of doctors ""say they'll quit"" if health care reform passes.",10/12/2009,statement,https://www.politifact.com/factchecks/2009/oct/15/glenn-beck/beck-says-45-percent-physicians-would-quit-if-heal/
mostly-true,Gwen Moore,"Says Dontre Hamilton ""was shot 14 times by police for resting on a park bench in Milwaukee.""",6/29/2017,speech,https://www.politifact.com/factchecks/2017/aug/01/gwen-moore/case-dontre-hamilton-did-milwaukee-police-shoot-ma/
false,Harry Reid,"""We have solved the problem. ... Scientists are now saying leave the nuclear waste where it is.""",2/19/2010,news,https://www.politifact.com/factchecks/2010/feb/23/harry-reid/reid-calls-nuclear-waste-issue-solved/
pants-fire,Hillary Clinton,"Between 27,000 and 200,000 Wisconsinites were ""turned away"" from the polls in 2016 due to lack of proper identification.",9/17/2019,speech,https://www.politifact.com/factchecks/2019/sep/19/hillary-clinton/hillary-clinton-wrong-again-wisconsin-voter-id/
pants-fire,Hillary Clinton,"In Wisconsin, because a key provision of the Voting Rights Act was not in effect, ""somewhere between 40,000 and 80,000 people were turned away from the polls (in 2016) because of the color of their skin"" and other factors.",3/3/2019,speech,https://www.politifact.com/factchecks/2019/mar/06/hillary-clinton/clinton-hot-seat-claim-thousands-were-turned-away-/
mostly-false,Hillary Clinton,"""Not a single Republican candidate, announced or potential, is clearly and consistently supporting a path to citizenship. Not one.""",5/5/2015,other,https://www.politifact.com/factchecks/2015/may/07/hillary-clinton/hillary-clinton-says-not-one-gop-presidential-cont/
mostly-true,Hillary Clinton,"""By the time I left"" the State Department, ""economic growth was up and opium production was down"" in Afghanistan, while ""infant mortality declined"" and school enrollment rose by more than sevenfold.",6/10/2014,other,https://www.politifact.com/factchecks/2014/jun/10/hillary-clinton/new-book-hillary-clinton-touts-quality-life-advanc/
half-true,Hillary Clinton,"Her health care plan will cost $110-billion in the first year, which can be paid for with savings.",9/17/2007,speech,https://www.politifact.com/factchecks/2007/sep/18/hillary-clinton/optimistic-math/
half-true,Hillary Clinton,"Says New START, passed while Clinton was secretary of state, is a ""treaty cutting Russias nuclear arms.""",9/9/2016,advertisement,https://www.politifact.com/factchecks/2016/sep/21/hillary-clinton/hillary-clinton-overstates-impact-new-start-russia/
mostly-true,Hillary Clinton,"""Arizona schools rank 45th in the nation, dead last in funding per student.""",3/15/2016,advertisement,https://www.politifact.com/factchecks/2016/mar/17/hillary-clinton/clinton-ad-claims-arizona-lags-k-12-education/
half-true,Hillary Clinton,"Says Bernie Sanders ""was against the auto bailout"" and ""voted against the money that ended up saving the auto industry.""",3/6/2016,speech,https://www.politifact.com/factchecks/2016/mar/07/hillary-clinton/michigan-hillary-clinton-says-bernie-sanders-was-a/
mostly-false,Hillary Clinton,"""Our campaign depends on small donations for the majority of our support.""",3/15/2016,speech,https://www.politifact.com/factchecks/2016/mar/21/hillary-clinton/hillary-clinton-says-her-campaign-depends-small-do/
mostly-false,Hillary Clinton,"Says President Donald Trump ""is still yet to say anything as the president of the United States about bounties on American troops.""",7/20/2020,news,https://www.politifact.com/factchecks/2020/jul/23/hillary-clinton/fact-checking-hillary-clinton-donald-trumps-respon/
half-true,Hillary Clinton,"""The state that has the highest per capita number of  guns that end up committing crimes in New York come from Vermont.""",4/11/2016,other,https://www.politifact.com/factchecks/2016/apr/12/hillary-clinton/look-hillary-clintons-claim-about-vermonts-gun-pip/
false,Hillary Clinton,"The Benghazi probe is ""the longest-running congressional investigation ever.""",9/30/2015,campaign,https://www.politifact.com/factchecks/2015/oct/02/hillary-clinton/clinton-campaign-benghazi-probe-congress-longest-i/
half-true,JB Pritzker,"Says states with graduated income taxes ""create jobs and grow their economies faster"" than Illinois.",5/1/2019,speech,https://www.politifact.com/factchecks/2019/may/19/jb-pritzker/pritzkers-latest-sweeping-tax-claim-falls-flat/
mostly-false,Jack Kingston,"""Perdue mismanaged Pillowtex, and nearly 8,000 people got laid off.""",7/1/2014,advertisement,https://www.politifact.com/factchecks/2014/jul/16/jack-kingston/pillowtex-accusations-overstate-point/
mostly-false,Jeb Bush,"""I released all my emails.""",8/27/2015,campaign,https://www.politifact.com/factchecks/2015/aug/31/jeb-bush/jeb-bush-says-he-has-released-all-his-emails/
mostly-true,Jeb Bush,"Says in 2002, he ""won more Hispanic votes than Anglo votes, 60 percent in the state.""",7/27/2015,news,https://www.politifact.com/factchecks/2015/jul/31/jeb-bush/jeb-bush-says-he-won-60-hispanic-vote-2002-electio/
false,Jeb Bush,"The debt ""comes up all the time in town meetings ... but it's never asked in the debates. It's really weird. It hasn't been brought up.""",2/2/2016,other,https://www.politifact.com/factchecks/2016/feb/02/jeb-bush/jeb-bush-wrong-claim-national-debt-never-debate-to/
mostly-false,Jeb Bush,"Eliminating affirmative action in admissions in Florida led to ""more African American and Hispanic kids attending our university system"" than before.",2/27/2015,other,https://www.politifact.com/factchecks/2015/mar/11/jeb-bush/florida-has-more-black-and-hispanic-university-stu/
half-true,Jerry Brown,"""California has added twice as many jobs as Florida"" over the past year.",4/26/2016,statement,https://www.politifact.com/factchecks/2016/may/06/jerry-brown/jerry-browns-mostly-true-claim-about-california-do/
half-true,Jim Justice,"""Our WV highways rank 16th in the country in a national survey of highway systems, up 20 spots from last years ranking! This ranking affirms all the hard work weve done, and that we continue to do, fixing our states roads.""",8/22/2019,social_media,https://www.politifact.com/factchecks/2019/oct/01/jim-justice/fact-checking-jim-justices-boast-about-wva-highway/
true,Joe Manchin,"John Raese's wife ""is registered to vote in Florida so she can't even vote for him.""",10/8/2010,campaign,https://www.politifact.com/factchecks/2010/oct/14/joe-manchin/joe-manchin-attacks-john-raese-wife-registered-vot/
mostly-true,Joe Scarborough,"""Since Barack Obama became president of the United States, 95 percent of economic gains have been made by the richest 1 percent.""",1/21/2014,television,https://www.politifact.com/factchecks/2014/jan/22/joe-scarborough/scarborough-top-1-took-95-gains-under-obama/
mostly-true,John Kitzhaber,"""Creating 25 jobs in Umatilla County has the same impact as 500 jobs in the metro region.""",4/19/2011,news,https://www.politifact.com/factchecks/2011/jun/17/john-kitzhaber/governor-compares-creating-25-jobs-rural-umatilla-/
pants-fire,Jon Huntsman,"""The IRS is already planning on 19,500 new employees to administer"" Obamas health care mandate.",10/11/2011,speech,https://www.politifact.com/factchecks/2011/oct/13/jon-huntsman/jon-huntsman-says-irs-will-hire-19500-new-workers-/
mostly-false,Kamala Harris,"""The cost of living is going up, but paychecks aren't keeping up.""",1/27/2019,campaign,https://www.politifact.com/factchecks/2019/jan/30/kamala-harris/are-paychecks-failing-keep-inflation/
mostly-false,Kendrick Meek,"Jeff Greene ""is the king of the undercover Credit Default Swap that brought about the destruction of our economy that we have right now.""",6/22/2010,speech,https://www.politifact.com/factchecks/2010/jun/22/kendrick-meek/kendrick-meek-jeff-greene-credit-default-swap/
false,Kevin McCarthy,"Raising the national minimum wage to $15 per hour ""would destroy up to 3.7 million jobs.""",2/9/2021,news,https://www.politifact.com/factchecks/2021/feb/11/kevin-mccarthy/gop-house-leader-kevin-mccarthy-distorts-job-loss-/
mostly-false,Lamar Smith,"Mexican government officials ""hand out brochures showing individuals how they can avoid our Border Patrol, how they can get into our country.""",5/20/2010,news,https://www.politifact.com/factchecks/2010/may/30/lamar-smith/smith-says-mexico-hands-out-brochures-showing-migr/
mostly-true,Leah Vukmir,"""For the first time in history, Wisconsin has more government jobs than manufacturing jobs.""",10/9/2010,campaign,https://www.politifact.com/factchecks/2010/oct/11/leah-vukmir/gop-state-senate-candidate-leah-vukmir-says-wiscon/
mostly-false,Lindsey Graham,"""If you took every penny of the 1 percent, including their dog, you wouldn't even begin to balance the budget.""",3/8/2015,speech,https://www.politifact.com/factchecks/2015/mar/27/lindsey-graham/lindsey-graham-says-taking-every-penny-wealthiest-/
mostly-true,Lloyd Doggett,Says he represents or has represented about half the San Antonio-rooted district in which he seeks election.,4/14/2012,news,https://www.politifact.com/factchecks/2012/may/17/lloyd-doggett/lloyd-doggett-says-he-represents-or-has-represente/
false,Louie Gohmert,"Says that ""all those who do not answer directly to the president, they've said (repealing Don't Ask, Don't Tell) is a terrible idea.""",12/15/2010,speech,https://www.politifact.com/factchecks/2010/dec/23/louie-gohmert/louie-gohmert-says-those-who-dont-answer-directly-/
mostly-true,Maggie Hassan,"Kelly Ayotte ""has voted to defund Planned Parenthood"" six times.",4/8/2016,news,https://www.politifact.com/factchecks/2016/apr/29/maggie-hassan/maggie-hassan-says-kelly-ayotte-has-record-voting-/
mostly-true,Marco Rubio,"""From now on, we have to pay the Russians $50 million an astronaut to send Americans to the space station""",7/7/2011,news,https://www.politifact.com/factchecks/2011/jul/13/marco-rubio/rubio-says-us-will-pay-russia-50-million-astronaut/
half-true,Marco Rubio,"""Charlie Crist was the only prominent Republican in the country to campaign with Barack Obama before the stimulus passed, on behalf of the stimulus.""",2/17/2010,news,https://www.politifact.com/factchecks/2010/mar/02/marco-rubio/crist-only-republican-campaign-obama-stimulus-rubi/
mostly-false,Marco Rubio,"""The American people support defunding Obamacare and oppose shutting down the government.""",9/20/2013,news,https://www.politifact.com/factchecks/2013/sep/23/marco-rubio/marco-rubio-favors-defunding-obamacare-opposes-gov/
mostly-false,Marco Rubio,"""There are over 700,000 Americans on some watch list or another that would all be captured"" in a Democratic amendment intended to stop suspected terrorists from buying guns.",12/6/2015,news,https://www.politifact.com/factchecks/2015/dec/06/marco-rubio/marco-rubio-says-700000-americans-could-be-affecte/
mostly-false,Marco Rubio,"""There is no reason for anybody to be losing any of their current benefits under Medicaid.""",6/28/2017,social_media,https://www.politifact.com/factchecks/2017/jun/30/marco-rubio/marco-rubio-wrong-conclude-senate-bill-wont-lead-m/
mostly-false,Marco Rubio,"Says President Barack Obama could ""basically"" legalize all immigrants here illegally ""by the sign of a pen.""",8/13/2013,radio,https://www.politifact.com/factchecks/2013/aug/22/marco-rubio/marco-rubio-fears-obama-could-basically-legalize-a/
mostly-true,Marco Rubio,"""No other country has a constitutional right"" like the Second Amendment.",4/25/2014,speech,https://www.politifact.com/factchecks/2014/apr/29/marco-rubio/marco-rubio-says-second-amendment-unique-speech-nr/
mostly-true,Martin O'Malley,"""Net immigration from Mexico last year was zero. Fact-check me.""",11/14/2015,speech,https://www.politifact.com/factchecks/2015/nov/15/martin-omalley/martin-omalley-net-migration-mexico-was-0-2014/
pants-fire,Mary Burke,"""Wisconsin wages are declining at double the rate of other states.""",3/25/2014,other,https://www.politifact.com/factchecks/2014/mar/31/mary-burke/mary-burke-says-wages-are-declining-wisconsin-doub/
mostly-true,Matt Gaetz,"""In 1992, the Democratic Party had in their platform provisions that said that illegal aliens were coming in this country, committing felonies, sent back and then they were right back across the border to do the same thing.""",2/7/2019,news,https://www.politifact.com/factchecks/2019/feb/13/matt-gaetz/matt-gaetz-said-democrats-platform-once-said-illeg/
half-true,Michael Bloomberg,"""I certainly supported Barack Obama and Joe Biden. ... I was there both times for them.""",2/26/2020,television,https://www.politifact.com/factchecks/2020/mar/03/michael-bloomberg/mike-bloomberg-exaggerates-his-support-obama-2008-/
half-true,Michael McCaul,"Says the New York bike path assault ""was the ninth vehicle assault used by ISIS.""",10/31/2017,news,https://www.politifact.com/factchecks/2017/nov/10/michael-mccaul/michael-mccaul-makes-half-true-claim-new-york-atta/
false,Michele Bachmann,"""My husband and I have never gotten a penny of money from the farm.""",6/26/2011,news,https://www.politifact.com/factchecks/2011/jul/01/michele-bachmann/rep-michele-bachmann-says-shes-never-received-penn/
half-true,Michele Bachmann,"President Obamas uncle and aunt ""are illegal aliens ... who've been allowed to stay in this country.""",10/18/2011,speech,https://www.politifact.com/factchecks/2011/oct/20/michele-bachmann/michele-bachmann-links-obama-relatives-immigration/
false,Michele Bachmann,"""If you threw a barbecue yesterday for the Memorial weekend, it was 29 percent more expensive than last year because Barack Obama's policies have led to groceries going up 29 percent.""",6/1/2011,news,https://www.politifact.com/factchecks/2011/jun/27/michele-bachmann/michele-bachmann-says-food-prices-barbecues-29-per/
mostly-false,Mike DeWine,"""The fact is 90-percent of Down Syndrome children were aborted in this country.""",2/20/2012,news,https://www.politifact.com/factchecks/2012/mar/08/mike-dewine/mike-dewine-says-90-percent-down-syndrome-pregnanc/
true,Mike Huckabee,"Says Time magazine called him ""one of America's best governors.""",1/10/2008,advertisement,https://www.politifact.com/factchecks/2008/jan/10/mike-huckabee/top-5-in-fact/
true,Mike Huckabee,"""When I was in college, we used to take a popcorn popper . . . and we would fry squirrel.""",1/18/2008,news,https://www.politifact.com/factchecks/2008/feb/07/mike-huckabee/it-tasted-like-chicken/
half-true,Mitt Romney,"""Since President Obama took office, there are over 450,000 more unemployed women.""",10/6/2012,campaign,https://www.politifact.com/factchecks/2012/oct/10/mitt-romney/mitt-romney-ad-says-under-barack-obama-there-are-4/
mostly-false,Mitt Romney,"""I saw my father march with Martin Luther King.""",12/6/2007,other,https://www.politifact.com/factchecks/2007/dec/28/mitt-romney/george-romney-and-mlk-marched-but-not-together/
half-true,Mitt Romney,"Under the ""Obama economy ... utility bills are higher.""",8/30/2012,speech,https://www.politifact.com/factchecks/2012/aug/31/mitt-romney/mitt-romney-says-utility-prices-have-risen-under-b/
true,Mitt Romney,"""In the month of January, Canada created more new jobs than we did.""",2/11/2011,speech,https://www.politifact.com/factchecks/2011/feb/11/mitt-romney/mitt-romney-tells-cpac-canada-created-more-jobs-ja/
mostly-true,Mitt Romney,"Says that under President John F. Kennedy, ""government took up"" 27 percent of the economy, and today it ""consumes 37 percent.""",8/11/2011,speech,https://www.politifact.com/factchecks/2011/aug/12/mitt-romney/romney-says-government-has-grown-27-percent-37-per/
false,Mitt Romney,""" Obamacare puts the federal government between you and your doctor.""",6/28/2012,speech,https://www.politifact.com/factchecks/2012/jul/09/mitt-romney/health-law-puts-government-between-patients-and-do/
mostly-true,Mitt Romney,"Massachusetts schools ""are ranked No. 1 of all 50 states.""",10/3/2012,speech,https://www.politifact.com/factchecks/2012/oct/05/mitt-romney/mitt-romney-said-massachusetts-schools-are-ranked-/
mostly-false,Mitt Romney,"President Obama told people ""to skip coming here (Las Vegas) for conventions and meetings.""",2/4/2012,speech,https://www.politifact.com/factchecks/2012/feb/08/mitt-romney/mitt-romney-says-president-told-people-skip-vegas-/
half-true,Mitt Romney,"""Twenty-five or 24 million people"" are ""out of work or stopped looking for work.""",2/8/2012,campaign,https://www.politifact.com/factchecks/2012/feb/10/mitt-romney/romney-revises-claim-about-unemployed/
mostly-true,Nancy Pelosi,"Federal aid for state and local governments through a proposed coronavirus relief bill would amount to ""half of what the Republicans put onto the national debt.""",6/28/2020,news,https://www.politifact.com/factchecks/2020/jul/07/nancy-pelosi/pelosi-compares-cost-state-and-local-aid-coronavir/
mostly-true,Nancy Pelosi,"President Trump ""hasnt built any new (border) wall"" during his time in office.",11/17/2019,news,https://www.politifact.com/factchecks/2019/nov/23/nancy-pelosi/mostly-true-nancy-pelosis-claim-president-trump-ha/
mostly-false,Nathan Deal,"""Since the beginning of the economic downturn in FY 2008, the state workforce has been reduced by 12.4 percent as part of overall cost savings measures to balance the budget to reduce revenues.""",5/7/2012,news,https://www.politifact.com/factchecks/2012/jun/22/nathan-deal/cuts-state-workforce-not-steep-deal-said/
true,Nathan Deal,"""Since I took office, over 319,000 new private sector jobs have been created in Georgia with nearly 93,000 of those coming in the past 12 months.""",1/14/2015,speech,https://www.politifact.com/factchecks/2015/feb/03/nathan-deal/claims-about-job-creation-under-deal-accurate/
false,Nikki Haley,"Says Joe Biden and Kamala Harris ""want massive tax hikes on working families.""",8/24/2020,speech,https://www.politifact.com/factchecks/2020/aug/25/nikki-haley/do-joe-biden-and-kamala-harris-want-massive-tax-hi/
true,Pat Toomey,"""There will be several thousand dollars in payments going to families with six-figure incomes whove had no income interruption whatsoever.""",1/19/2021,testimony,https://www.politifact.com/factchecks/2021/jan/21/pat-toomey/fact-checking-pat-toomeys-claim-families-six-figur/
mostly-true,Patrick Murphy,"""Sen. Rubio has the worst vote attendance record of any Florida senator in nearly 50 years.""",8/31/2016,statement,https://www.politifact.com/factchecks/2016/sep/02/patrick-murphy/patrick-murphy-says-marco-rubio-has-worst-attendan/
half-true,Paul Broun,"""In the last two years, I have supported and proposed $155 billion worth of targeting cuts. Dr. Gingrey has presented zero.""",3/28/2013,meeting,https://www.politifact.com/factchecks/2013/apr/09/paul-broun/broun-takes-rivals-record-proposed-cuts/
mostly-true,Paul Ryan,"""We've got about $3 trillion in trapped cash overseas that basically can't come back in this country because of our tax laws.""",9/1/2017,news,https://www.politifact.com/factchecks/2017/sep/15/paul-ryan/paul-ryan-35-corporate-tax-rate-keeps-3-trillion-t/
true,Paul Ryan,"Says if labor force participation rate were the same as when Barack Obama became president, unemployment would be 11 percent.",6/9/2012,speech,https://www.politifact.com/factchecks/2012/jul/17/paul-ryan/paul-ryan-says-unemployment-would-be-11-percent-sa/
mostly-true,Paul Ryan,"""To this day, (the Cuban government) is a regime that provides safe harbor to terrorists and fugitives.""",3/17/2016,news,https://www.politifact.com/factchecks/2016/mar/24/paul-ryan/paul-ryan-says-cuba-safe-harbor-fugitives-and-terr/
half-true,Paul Ryan,"The Obama administration ""called Bashar Assad a reformer when he was turning his Russian-provided guns on his own people.""",10/11/2012,speech,https://www.politifact.com/factchecks/2012/oct/12/paul-ryan/paul-ryan-says-obama-administration-called-bashar-/
true,Pete Buttigieg,"Americans ""say that what they want is a choice"" to join a single-payer system like Medicare rather than ending private insurance.",10/15/2019,speech,https://www.politifact.com/factchecks/2019/oct/16/pete-buttigieg/refereeing-pete-buttigieg-elizabeth-warren-medicar/
half-true,Phil Gingrey,"""[A]n extra 8 million Americans [are] projected to join state Medicaid programs in the next few years.""",9/15/2011,news,https://www.politifact.com/factchecks/2011/nov/15/phil-gingrey/gingrey-says-8-million-extra-people-join-medicaid/
mostly-false,Rachel Maddow,"""Not even old Gen. Eisenhower  saluted military personnel"" as president.",3/27/2012,other,https://www.politifact.com/factchecks/2014/sep/24/rachel-maddow/rachel-maddow-not-even-old-gen-eisenhower-saluted-/
false,Rahm Emanuel,"""Chicago now has the highest employment in the private sector in the history of the city.""",1/9/2018,radio,https://www.politifact.com/factchecks/2018/jan/22/rahm-emanuel/chicagos-private-sector-employment-really-highest-/
mostly-false,Rand Paul,"Says according to recent polls,no Republican candidate ""is doing better against Hillary Clinton than myself.""",3/24/2015,news,https://www.politifact.com/factchecks/2015/mar/25/rand-paul/rand-paul-says-he-has-best-shot-beating-hillary-cl/
mostly-true,Rand Paul,"""$2.4 million of the NIH dollars was spent on origami condoms.""",10/15/2014,speech,https://www.politifact.com/factchecks/2014/oct/27/rand-paul/rand-paul-says-nih-spent-24-million-origami-condom/
pants-fire,Rand Paul,"""I havent really proposed (phasing out aid to Israel) in the past.""",8/4/2014,news,https://www.politifact.com/factchecks/2014/aug/07/rand-paul/did-rand-paul-propose-cutting-aid-israel/
true,Randy Forbes,"""Did you know that the U.S. is one of the very few nations in the world without an official language?""",3/16/2015,blog,https://www.politifact.com/factchecks/2015/apr/06/randy-forbes/forbes-says-us-among-few-nations-without-offical-l/
mostly-false,Rebecca Kleefisch,"""As your Lieutenant GovernorI cut your taxes.""",3/28/2022,advertisement,https://www.politifact.com/factchecks/2022/apr/13/rebecca-kleefisch/kleefisch-didnt-have-power-cut-taxes-her-own-lieut/
half-true,Reince Priebus,Says Hillary Clintons approval rating went from 70 percent to 52 percent in 18 months.,6/15/2014,news,https://www.politifact.com/factchecks/2014/jun/15/reince-priebus/reince-priebus-says-hillary-clintons-poll-numbers-/
mostly-true,Richard Durbin,"Of Sen. Jeff Sessions, ""you've objected to immigrants volunteering to serve in our armed forces, saying, 'In terms of who's going to be most likely to be a spy, somebody from Cullman, Ala., or somebody from Kenya?'""",1/10/2017,testimony,https://www.politifact.com/factchecks/2017/jan/10/richard-durbin/durbin-says-sessions-objected-immigrants-armed-for/
mostly-true,Rick Perry,"Says that when President Obama visited El Paso, he ""pronounced that the border with Mexico and the United States was safer than it ever was in history.""",8/13/2011,other,https://www.politifact.com/factchecks/2011/sep/02/rick-perry/rick-perry-says-obama-boasted-crimes-border-towns-/
mostly-false,Rick Perry,"Says Washington's reach extends to ""even telling us what kind of light bulb we can use.""",11/2/2010,other,https://www.politifact.com/factchecks/2010/nov/08/rick-perry/rick-perry-says-washingtons-reach-extends-telling-/
mostly-false,Rick Perry,"""Everyone in this country has access to health care.""",4/15/2010,news,https://www.politifact.com/factchecks/2010/apr/27/rick-perry/gov-rick-perry-says-everyone-has-access-health-car/
pants-fire,Rick Perry,"Says he has ""yet to get a response"" from Barack Obama to his August 2010 letter making border security requests.",4/5/2013,news,https://www.politifact.com/factchecks/2013/apr/25/rick-perry/rick-perry-says-he-awaits-answer-barack-obama-augu/
pants-fire,Rick Perry,Says Bill White is refusing to debate.,8/18/2010,news,https://www.politifact.com/factchecks/2010/aug/22/rick-perry/rick-perry-says-bill-white-refuses-debate/
mostly-false,Rick Perry,"Says his hometown of Paint Creek, Texas, ""doesnt even have a ZIP code.""",8/14/2011,other,https://www.politifact.com/factchecks/2011/aug/27/rick-perry/rick-perry-says-paint-creek-texas-doesnt-have-zip-/
true,Rick Perry,"""Texas added more jobs in 2010 than any other state.""",2/8/2011,speech,https://www.politifact.com/factchecks/2011/feb/15/rick-perry/gov-rick-perry-says-texas-added-more-jobs-2010-any/
false,Rick Perry,"Scientists are ""questioning the original idea that man-made global warming is what is causing the climate to change.  (It is) more and more being put into question.""",8/17/2011,campaign,https://www.politifact.com/factchecks/2011/aug/22/rick-perry/rick-perry-says-more-and-more-scientists-are-quest/
false,Rick Santorum,"""[R]emember, the president proposed eliminating charitable deductions for higher-income taxpayers.""",2/19/2012,speech,https://www.politifact.com/factchecks/2012/mar/03/rick-santorum/santorum-attack-obama-mark/
half-true,Rick Santorum,"As a result of welfare reform, ""poverty levels went down to the lowest level ever for ... African-American children.""",1/4/2012,speech,https://www.politifact.com/factchecks/2012/jan/09/rick-santorum/rick-santorum-says-welfare-reform-deserves-credit-/
mostly-false,Rick Santorum,"""In 2006, I went out and authored a letter with 24 other senators asking for major reform of Freddie and Fannie, warning of a meltdown and a bubble in the housing market.""",1/26/2012,speech,https://www.politifact.com/factchecks/2012/jan/27/rick-santorum/sen-rick-santorum-says-he-warned-meltdown-and-bubb/
pants-fire,Rick Scott,"A company with ""20 employees"" could go ""out of business"" because of health care law requirements to buy insurance.",6/29/2012,news,https://www.politifact.com/factchecks/2012/jul/03/rick-scott/rick-scott-small-business-health-care/
mostly-true,Rick Scott,"""Bill McCollum holds the same position on (embryonic stem cell research) as Barack Obama.""",6/8/2010,campaign,https://www.politifact.com/factchecks/2010/jun/11/rick-scott/bill-mccollum-and-barack-obama-stem-cell-research/
mostly-false,Rick Scott,"""Bill McCollum voted for higher taxes and fees 42 times while he was in Congress.""",8/3/2010,advertisement,https://www.politifact.com/factchecks/2010/aug/10/rick-scott/adding-bill-mccollums-42-votes-raise-taxes-and-fee/
mostly-false,Rick Scott,"""We are already almost halfway to our 2010 goal of creating 700,000 new jobs in seven years.""",5/20/2013,other,https://www.politifact.com/factchecks/2013/may/20/rick-scott/gov-rick-scott-sticking-altered-700000-jobs-promis/
pants-fire,Rick Scott,"""Bill McCollum has accepted thousands from lobbyists for Planned Parenthood.""",6/23/2010,campaign,https://www.politifact.com/factchecks/2010/jun/25/rick-scott/bill-mccollum-and-his-supposed-planned-parenthood-/
mostly-false,Rick Scott,"The Paris Climate Agreement is ""bad for America,"" because it ""does nothing to hold real polluters, like Communist China and India, accountable.""",1/20/2021,statement,https://www.politifact.com/factchecks/2021/jan/26/rick-scott/paris-climate-agreement-easier-china-and-india-us/
mostly-false,Rick Scott,"""The families that are covered through the Low Income Pool is a different group of individuals than are covered by Obamacare.""",5/6/2015,news,https://www.politifact.com/factchecks/2015/may/11/rick-scott/patients-who-use-lip-are-different-medicaid-expans/
half-true,Rick Scott,"""For the first time ever, we completely funded the critical needs waiting list so persons with unique abilities can get the help they need.""",1/12/2016,speech,https://www.politifact.com/factchecks/2016/jan/13/rick-scott/rick-scott-florida-completely-funded-critical-need/
mostly-true,Rob Portman,"On Lee Fishers watch, ""almost nine out of 10"" jobs that Ohio lost were lost to other states, ""not to other countries.""",9/14/2010,other,https://www.politifact.com/factchecks/2010/sep/27/rob-portman/portman-raps-lee-fisher-and-administration-saying-/
half-true,Rob Portman,"""In the month of July alone, EU exports to South Korea increased by over 36 percent. A lot of that is our market share. Those are our farmers and our service providers who are suffering.""",9/7/2011,news,https://www.politifact.com/factchecks/2011/sep/21/rob-portman/sen-rob-portman-says-trade-agreement-korea-helped-/
mostly-false,Robin Vos,"On red-flag laws says, ""What (Democrats) wanted to do was say, I think you might do something, so Im going to take away your gun and make you prove you wouldnt do it.""",11/10/2019,news,https://www.politifact.com/factchecks/2019/dec/06/robin-vos/wisconsin-assembly-speakers-new-take-red-flag-gun-/
half-true,Ron Johnson,"Says Barack Obama's administration has admitted that money from its Iran nuclear deal ""would go directly to terrorism.""",1/22/2016,campaign,https://www.politifact.com/factchecks/2016/jan/29/ron-johnson/obama-administration-admits-cash-iran-deal-will-go/
half-true,Ron Johnson,"Even though Chicago has ""the most stringent gun laws on the books,"" it still ""has the highest murder rate"" in the country.",2/18/2014,meeting,https://www.politifact.com/factchecks/2014/mar/02/ron-johnson/us-sen-ron-johnson-links-strict-gun-control-laws-h/
pants-fire,Ron Johnson,"""The average rate of fraud"" in the Earned Income Tax Credit, Medicare, Medicaid and food stamps programs ""is 20 to 25 percent.""",1/10/2014,speech,https://www.politifact.com/factchecks/2014/jan/20/ron-johnson/fraud-claims-20-25-cents-every-1-spent-four-govern/
half-true,Rudy Giuliani,"""Bill Clinton cut the military drastically.""",1/5/2008,speech,https://www.politifact.com/factchecks/2008/jan/05/rudy-giuliani/he-ignores-bipartisan-support-for-defense-cuts/
mostly-false,Rudy Giuliani,"""Iranian mullahs took American hostages and they held the American hostages for 444 days. ...The one hour in which they released them was the one hour in which Ronald Reagan was taking the Oath of Office """,12/5/2007,advertisement,https://www.politifact.com/factchecks/2007/dec/18/rudy-giuliani/ad-misleading-about-iran-hostage-crisis/
pants-fire,Rush Limbaugh,"People ""can't go fishing anymore because of Obama.""",3/9/2010,other,https://www.politifact.com/factchecks/2010/mar/17/rush-limbaugh/rush-limbaugh-says-because-obama-people-cant-go-fi/
pants-fire,Rush Limbaugh,"There are ""high administrative costs"" when you donate to Haiti relief through the White House Web site.",1/18/2010,radio,https://www.politifact.com/factchecks/2010/jan/20/rush-limbaugh/limbaugh-claims-white-house-benefits-haiti-donatio/
false,Sam Adams,"Says, ""In the last four years weve cut $36 million in ongoing revenue.""",11/13/2012,meeting,https://www.politifact.com/factchecks/2012/dec/15/sam-adams/did-sam-adams-cut-36-million-budget/
mostly-true,Saxby Chambliss,"The U.S. Department of Defense spends $80 million a year on prostate cancer research, $25 million a year on ovarian cancer research and $150 million a year on breast cancer research.",11/7/2013,testimony,https://www.politifact.com/factchecks/2013/nov/19/saxby-chambliss/senator-questions-some-areas-defense-budget/
mostly-true,Scott Walker,"""Thanks to our reforms, the average family will have an extra $322 to spend.""",9/18/2014,campaign,https://www.politifact.com/factchecks/2014/sep/26/scott-walker/scott-walker-says-tax-cuts-amount-322-average-fami/
false,Scott Walker,"Says new figures he released showing Wisconsin job gains for 2011 are ""the final job numbers.""",5/16/2012,advertisement,https://www.politifact.com/factchecks/2012/may/24/scott-walker/recall-battle-wisconsin-gov-scott-says-new-figures/
mostly-true,Scott Walker,"""More than 70,000"" job openings are listed on a state jobs website.",9/20/2014,campaign,https://www.politifact.com/factchecks/2014/oct/17/scott-walker/plenty-jobs-people-wisconsin-who-want-work-scott-w/
mostly-true,Scott Walker,"Says Mary Burkes Madison school district ""will be the only school district left in the state"" to ""ignore the (Act 10) law"" in the 2015-16 school year.",9/3/2014,news,https://www.politifact.com/factchecks/2014/sep/10/scott-walker/scott-walker-says-madison-school-district-only-one/
true,Scott Walker,"""My property taxes went down largely because my technical college portion went down 35.5% because of the money we put in at state.""",12/12/2014,social_media,https://www.politifact.com/factchecks/2014/dec/18/scott-walker/scott-walker-says-hes-got-himself-thank-his-tax-bi/
mostly-false,Scott Walker,"""We are investing more money into education than ever before in the history of Wisconsin.""",2/8/2017,speech,https://www.politifact.com/factchecks/2017/may/17/scott-walker/testing-scott-walker-claim-record-education-findin/
half-true,Scott Walker,"There are state workers who are ""idle"" at home during the coronavirus pandemic.",6/5/2020,social_media,https://www.politifact.com/factchecks/2020/jun/17/scott-walker/claim-state-workers-are-being-paid-sit-idle-home-l/
true,Scott Walker,"Wisconsins ""rainy day fund"" is ""165 times bigger than when we first took office.""",8/3/2015,meeting,https://www.politifact.com/factchecks/2015/aug/07/scott-walker/scott-walker-says-wisconsin-reserve-fund-165-times/
false,Scott Walker,"""The largest category of people coming into the technical schools in Wisconsin are people with four-year degrees.""",10/16/2011,news,https://www.politifact.com/factchecks/2011/oct/26/scott-walker/gop-gov-scott-walker-says-largest-category-technic/
true,Sean Hannity,"Under President Barack Obamas jobs bill, ""you can sue if you are unemployed and don't get the job and think you weren't hired because you are unemployed.""",9/13/2011,news,https://www.politifact.com/factchecks/2011/sep/15/sean-hannity/sean-hannity-says-barack-obamas-jobs-bill-creates-/
true,Sheldon Whitehouse,"""There are already more American jobs in the solar industry than in coal mining.""",5/27/2014,news,https://www.politifact.com/factchecks/2014/jul/06/sheldon-whitehouse/there-are-already-more-american-jobs-solar-industr/
false,Tammy Baldwin,"""Our Supreme Court has never taken away a constitutional right.""",5/4/2022,news,https://www.politifact.com/factchecks/2022/jun/03/tammy-baldwin/baldwin-wrong-supreme-court-has-never-taken-away-c/
false,Tammy Baldwin,"Says the Trump administration ""has banned the CDC even using the word transgender. """,6/26/2018,meeting,https://www.politifact.com/factchecks/2018/aug/17/tammy-baldwin/sen-tammy-baldwins-claim-about-trump-administratio/
mostly-true,Tammy Baldwin,"Says that except for Donald Trump, ""every other major party nominee"" for the past 40 years has released their tax returns.",9/19/2016,statement,https://www.politifact.com/factchecks/2016/sep/28/tammy-baldwin/donald-trump-only-major-party-nominee-40-years-not/
mostly-false,Terry McAuliffe,"""Under Terry McAuliffe (there was a) record investment in education.""",7/21/2021,advertisement,https://www.politifact.com/factchecks/2021/aug/02/terry-mcauliffe/mcauliffe-claim-about-record-education-spending-fl/
true,Terry McAuliffe,"Before April 22, ""we have restored the rights of more than 18,000 individuals, which is more than the past seven governors combined in their four-year terms.""",4/22/2016,speech,https://www.politifact.com/factchecks/2016/may/09/terry-mcauliffe/mcauliffe-held-va-record-retoring-felon-voting-rig/
half-true,Tim Kaine,Obamas mid-term approval ratings are similar to other presidents who went on to re-election.,1/2/2011,news,https://www.politifact.com/factchecks/2011/jan/10/tim-kaine/tim-kaine-says-obamas-approval-ratings-fine-compar/
mostly-false,Tim Kaine,"Says Donald Trump is ""against minimum wage.""",7/14/2016,speech,https://www.politifact.com/factchecks/2016/jul/19/tim-kaine/tim-kaine-erroneously-says-donald-trump-against-mi/
mostly-false,Tim Kaine,"""The tax burden on Virginia families was lower under Tim Kaine than under George Allen.""",9/24/2012,news,https://www.politifact.com/factchecks/2012/oct/15/tim-kaine/tim-kaine-says-says-tax-burden-families-was-lower-/
half-true,Tom Graves,"When it comes to transportation funds, Georgians spend more in taxes and on red tape than they get back from the federal government.",3/7/2014,speech,https://www.politifact.com/factchecks/2014/mar/07/tom-graves/congressman-pitches-new-plan-transportation-fundin/
mostly-false,Tommy Thompson,"Says U.S. Senate rival Tammy Baldwin supports a ""tax increase that President Obama says"" would cost middle-class families $3,000 per year.",10/8/2012,advertisement,https://www.politifact.com/factchecks/2012/oct/24/tommy-thompson/tommy-thompson-says-senate-foe-tammy-baldwin-backs/
false,Tony Evers,"Says a Republican bill he vetoed would have implemented a ""mandate"" to make public the names of all students parents or guardians.",11/21/2019,other,https://www.politifact.com/factchecks/2019/dec/03/tony-evers/tony-evers-misstates-schools-bill-he-vetoes-it/
mostly-false,Vicky Hartzler,"Current school lunch requirements ""cause large amounts of food waste and diminished use of school lunches!""",8/14/2018,social_media,https://www.politifact.com/factchecks/2018/sep/09/vicky-hartzler/hartzler-wrong-attack-healthy-school-lunches/
